id,lastmod
Q57512,2022-10-28T17:55:27Z
Q57854,2022-11-19T03:36:05Z
Q208834,2022-10-28T18:05:56Z
Q209617,2022-10-23T21:55:35Z
Q260400,2022-10-03T03:40:40Z
Q264711,2022-10-31T15:33:28Z
Q315427,2021-10-23T23:40:14Z
Q323218,2022-11-14T18:18:44Z
Q471075,2022-10-03T03:05:50Z
Q560895,2022-06-13T02:56:43Z
Q887405,2022-09-06T06:11:44Z
Q1111324,2022-08-16T07:21:50Z
Q2143963,2022-08-16T07:11:48Z
Q3045967,2022-10-03T03:05:51Z
Q3166124,2022-10-03T03:06:06Z
Q3456201,2022-08-16T07:21:49Z
Q3574161,2022-08-16T07:20:44Z
Q5415948,2022-12-01T19:49:57Z
Q6207072,2022-10-24T02:01:23Z
Q6386793,2022-09-04T10:30:37Z
Q12890819,2022-08-16T07:20:42Z
Q12892120,2022-08-16T07:20:43Z
Q12898435,2022-10-23T21:10:19Z
Q15635856,2022-08-16T07:21:52Z
Q17496908,2022-08-16T07:13:32Z
Q18674649,2022-10-03T03:05:56Z
Q21294765,2022-11-13T14:44:52Z
Q21512019,2022-08-16T07:13:33Z
Q21809321,2022-12-01T12:12:52Z
Q22134355,2022-10-18T10:52:04Z
Q23430047,2022-07-10T08:41:50Z
Q24951046,2022-10-29T18:53:57Z
Q24951558,2022-10-23T21:14:14Z
Q25389354,2022-08-10T20:56:53Z
Q25581833,2022-01-19T23:29:59Z
Q28801981,2022-08-16T07:11:52Z
Q28803401,2022-10-18T10:57:26Z
Q28836953,2022-10-03T03:06:01Z
Q29563695,2022-08-16T07:20:45Z
Q56651422,2022-10-06T11:26:36Z
Q62596591,2022-10-03T03:06:08Z
Q65512508,2022-10-08T14:12:07Z
Q86979548,2022-09-04T10:31:25Z
Q87188650,2022-10-23T20:56:04Z
Q96198910,2022-10-18T10:49:40Z
Q97255367,2022-10-18T10:42:46Z
Q106496152,2022-12-05T21:11:22Z
Q107127987,2022-10-24T14:10:39Z
Q107451258,2022-11-17T11:54:50Z
Q108426423,2022-08-16T07:21:52Z
Q108426424,2022-08-16T07:21:53Z
Q108426425,2022-08-16T07:21:54Z
Q109775616,2022-09-04T10:30:49Z
Q111054262,2022-10-18T10:52:21Z
Q113531338,2022-10-18T10:44:22Z
Q113531492,2022-10-12T06:21:07Z
Q113531493,2022-10-11T06:43:32Z
Q113531494,2022-10-09T07:03:31Z
Q113531495,2022-10-08T13:08:46Z
Q114735632,2022-10-18T10:23:47Z
Q114735634,2022-10-18T10:26:51Z
Q114735635,2022-11-17T11:54:42Z
Q114735637,2022-10-18T10:27:29Z
Q114735638,2022-10-18T10:27:46Z
Q114735640,2022-10-18T10:31:54Z
Q114735641,2022-10-18T10:29:01Z
Q114735642,2022-10-18T10:43:27Z
Q114735956,2022-10-18T10:57:47Z
Q114736005,2022-11-17T11:56:03Z
Q114736193,2022-10-18T10:57:40Z
Q114736194,2022-10-18T10:57:37Z
Q114736195,2022-10-18T10:57:35Z
Q114736196,2022-10-18T10:57:32Z
Q114736197,2022-10-18T10:57:30Z
Q114736398,2022-10-18T10:31:40Z
Q114736428,2022-10-18T10:36:17Z
Q114736490,2022-10-18T10:37:28Z
